id,name,email,age
1,Heriberto Fulloway,hfulloway0@feedburner.com,4
2,Axel Houlridge,ahoulridge1@washingtonpost.com,82
3,Lisetta Simko,lsimko2@slideshare.net,53
4,Parker Symers,psymers3@cbsnews.com,70
5,Casar Charlin,ccharlin4@biblegateway.com,98
6,Averyl O'Shesnan,aoshesnan5@vinaora.com,0
7,Abra Dugald,adugald6@skyrock.com,63
8,Jeremiah Goodinson,jgoodinson7@amazon.com,74
9,Prudi Swain,pswain8@smh.com.au,39
10,Loralyn Tennock,ltennock9@irs.gov,17
11,Filberte Lafont,flafonta@buzzfeed.com,58
12,Evelyn Need,eneedb@psu.edu,96
13,Denice Ivens,divensc@mozilla.org,66
14,Virgina Hasker,vhaskerd@virginia.edu,93
15,Bancroft Boadby,bboadbye@livejournal.com,64
16,Letta Broschek,lbroschekf@samsung.com,70
17,Willie Bubbings,wbubbingsg@xing.com,64
18,Jeri Jewise,jjewiseh@plala.or.jp,30
19,Rafi Bang,rbangi@canalblog.com,82
20,Jordon Gontier,jgontierj@t.co,86
21,Mandy Rehn,mrehnk@howstuffworks.com,36
22,Hamel Tunbridge,htunbridgel@parallels.com,12
23,Gayle Bonar,gbonarm@google.com,62
24,Salomon Daintree,sdaintreen@illinois.edu,74
25,Swen McAuslan,smcauslano@soundcloud.com,37
26,Benedikt Give,bgivep@mac.com,71
27,Teirtza Clench,tclenchq@hostgator.com,53
28,Arvin Garron,agarronr@guardian.co.uk,35
29,Radcliffe Dicker,rdickers@usnews.com,37
30,Sorcha Dabrowski,sdabrowskit@mozilla.com,17
31,Mick Kusick,mkusicku@macromedia.com,23
32,Andie Snibson,asnibsonv@opensource.org,30
33,Janis Dunlop,jdunlopw@wsj.com,42
34,Paige Forde,pfordex@eepurl.com,53
35,Beck Whyborn,bwhyborny@microsoft.com,96
36,Jennilee Bloyes,jbloyesz@nasa.gov,45
37,Lew Plummer,lplummer10@nifty.com,1
38,Dianne De Blase,dde11@4shared.com,46
39,Brena Hurley,bhurley12@forbes.com,10
40,Nealy Dance,ndance13@constantcontact.com,10
41,Newton Van de Castele,nvan14@comcast.net,100
42,Moses Cruce,mcruce15@ycombinator.com,93
43,Sunshine Weatherhogg,sweatherhogg16@bigcartel.com,32
44,Dareen Bello,dbello17@amazon.co.uk,98
45,Raine Struis,rstruis18@behance.net,28
46,Barbara-anne Watkiss,bwatkiss19@pen.io,51
47,Minda Casse,mcasse1a@apache.org,96
48,Korney Gerner,kgerner1b@dailymail.co.uk,40
49,Rana Sheldrick,rsheldrick1c@alexa.com,96
50,Northrop Kisar,nkisar1d@google.de,32
51,Judd Dedney,jdedney1e@geocities.jp,99
52,Aubrey Petruszka,apetruszka1f@abc.net.au,82
53,Genovera Singyard,gsingyard1g@netlog.com,0
54,Carlen Sallier,csallier1h@google.ru,57
55,Thatcher Breache,tbreache1i@miitbeian.gov.cn,41
56,Darell Kennett,dkennett1j@yahoo.com,91
57,Miguel Waddoups,mwaddoups1k@answers.com,58
58,Gennifer Quidenham,gquidenham1l@ucoz.ru,80
59,Libbie McAllester,lmcallester1m@shutterfly.com,60
60,Jessi Thacke,jthacke1n@webs.com,25
61,Billy Duckham,bduckham1o@sfgate.com,3
62,Gwenneth Jager,gjager1p@cbsnews.com,49
63,Zak Ledner,zledner1q@shutterfly.com,48
64,Donica Wapplington,dwapplington1r@upenn.edu,64
65,Diann Balsom,dbalsom1s@ca.gov,12
66,Claudian Melvin,cmelvin1t@omniture.com,53
67,Lira Onslow,lonslow1u@webnode.com,13
68,Vincents Normant,vnormant1v@github.com,40
69,Bethina Ipplett,bipplett1w@com.com,50
70,Kanya Absolom,kabsolom1x@flavors.me,56
71,Bord Cawsby,bcawsby1y@imageshack.us,44
72,Mikkel Hatherall,mhatherall1z@samsung.com,61
73,Paige Kupker,pkupker20@nasa.gov,82
74,Allis Pullar,apullar21@uiuc.edu,10
75,Zia Woolis,zwoolis22@state.tx.us,66
76,Thacher Petracco,tpetracco23@diigo.com,44
77,Virgil Borthwick,vborthwick24@cbslocal.com,1
78,Carolan Betteney,cbetteney25@exblog.jp,93
79,Bobby Raycroft,braycroft26@arizona.edu,91
80,Reta Gilhoolie,rgilhoolie27@squarespace.com,45
81,Babb Sommerled,bsommerled28@freewebs.com,71
82,Quincey Newbury,qnewbury29@usa.gov,100
83,Odele Cansdale,ocansdale2a@nytimes.com,71
84,Cordelie Blackway,cblackway2b@reverbnation.com,21
85,Maxie Quincey,mquincey2c@army.mil,12
86,Rosene Harsant,rharsant2d@rambler.ru,14
87,Tessy Dartnell,tdartnell2e@oakley.com,26
88,Nicki O'Looney,nolooney2f@mediafire.com,35
89,Dmitri Georgeson,dgeorgeson2g@slate.com,11
90,Deana Hamlington,dhamlington2h@nationalgeographic.com,25
91,Eunice Joiner,ejoiner2i@canalblog.com,35
92,Glenine McGinn,gmcginn2j@washingtonpost.com,73
93,Milty Martynikhin,mmartynikhin2k@salon.com,38
94,Orran Harrad,oharrad2l@dagondesign.com,30
95,Paul Bazley,pbazley2m@google.com,86
96,Cher Camoys,ccamoys2n@ihg.com,60
97,Ambrosio Bengle,abengle2o@adobe.com,59
98,Neill Ferencz,nferencz2p@about.me,43
99,Ashlin Boller,aboller2q@a8.net,88
100,Darcie Tokley,dtokley2r@tumblr.com,75
101,Celle Niece,cniece2s@scientificamerican.com,78
102,Wilhelm Thurnham,wthurnham2t@npr.org,11
103,Marabel Hauck,mhauck2u@slideshare.net,10
104,Nadean Ladon,nladon2v@newyorker.com,73
105,Virginie Faussett,vfaussett2w@themeforest.net,1
106,Morgen Wulfinger,mwulfinger2x@vinaora.com,62
107,Joya Gilardengo,jgilardengo2y@instagram.com,4
108,Giana Kinig,gkinig2z@free.fr,100
109,Kris Kleinhandler,kkleinhandler30@scribd.com,96
110,Gwenni Philot,gphilot31@typepad.com,73
111,Alisander Bezants,abezants32@bigcartel.com,88
112,Petra Gradon,pgradon33@dyndns.org,14
113,Malena Studdert,mstuddert34@ocn.ne.jp,66
114,Sallyann McKeurton,smckeurton35@ameblo.jp,33
115,Ericha Todarello,etodarello36@google.ca,38
116,Gardie Keeltagh,gkeeltagh37@unblog.fr,82
117,Ola Berndtssen,oberndtssen38@twitpic.com,52
118,Allina Bullock,abullock39@google.co.uk,7
119,Virgie Santen,vsanten3a@vimeo.com,82
120,Ardelis Poynton,apoynton3b@accuweather.com,26
121,Bathsheba Wiffield,bwiffield3c@deviantart.com,43
122,Leeann Childrens,lchildrens3d@squidoo.com,80
123,Zackariah Scipsey,zscipsey3e@microsoft.com,20
124,Leonid Reddyhoff,lreddyhoff3f@alexa.com,4
125,Zarla Aikman,zaikman3g@twitter.com,83
126,Felipa Gurko,fgurko3h@ted.com,81
127,Hana Arsey,harsey3i@mozilla.com,19
128,Virgie Barracks,vbarracks3j@scientificamerican.com,46
129,Ava de la Tremoille,ade3k@prnewswire.com,64
130,Olympie Sissons,osissons3l@mapy.cz,33
131,Di Barkess,dbarkess3m@scientificamerican.com,60
132,Ardith Adrienne,aadrienne3n@mozilla.com,35
133,Dorine Gothrup,dgothrup3o@spiegel.de,64
134,Sheffield Arger,sarger3p@dyndns.org,26
135,Kitty Scarlon,kscarlon3q@cbslocal.com,70
136,Francisca Laven,flaven3r@weibo.com,26
137,Steward Batthew,sbatthew3s@dropbox.com,70
138,Lammond Crimp,lcrimp3t@nsw.gov.au,98
139,Linell Neave,lneave3u@narod.ru,66
140,Myranda Klamman,mklamman3v@macromedia.com,11
141,Aguie Lidgey,alidgey3w@timesonline.co.uk,78
142,Jecho Cantrill,jcantrill3x@dell.com,97
143,Almire Hastwall,ahastwall3y@guardian.co.uk,36
144,Alexandr Ocheltree,aocheltree3z@godaddy.com,80
145,Tracey McClory,tmcclory40@studiopress.com,70
146,Pen Gilfether,pgilfether41@princeton.edu,97
147,Catina Eivers,ceivers42@marketwatch.com,80
148,Chanda Biddle,cbiddle43@simplemachines.org,4
149,Torin Gascar,tgascar44@so-net.ne.jp,31
150,Agna Giorgi,agiorgi45@kickstarter.com,21
151,Nadean De Malchar,nde46@princeton.edu,20
152,Whittaker Langmuir,wlangmuir47@dagondesign.com,51
153,Elyssa Monksfield,emonksfield48@sfgate.com,45
154,Kylynn Wicks,kwicks49@newyorker.com,7
155,Blair Schollar,bschollar4a@europa.eu,61
156,Elana Munning,emunning4b@hp.com,72
157,Julie Housbie,jhousbie4c@123-reg.co.uk,0
158,Hart Sawell,hsawell4d@addtoany.com,80
159,Stormy Mummery,smummery4e@nih.gov,23
160,Jade Bozier,jbozier4f@naver.com,43
161,Rickey Lakenden,rlakenden4g@instagram.com,77
162,Faun Gleed,fgleed4h@devhub.com,89
163,Carma Bosnell,cbosnell4i@behance.net,65
164,Almeda Aristide,aaristide4j@bloomberg.com,58
165,Herby McLenahan,hmclenahan4k@mail.ru,80
166,Debor Blurton,dblurton4l@umn.edu,93
167,Hendrick Swale,hswale4m@tripod.com,21
168,Lynn Caberas,lcaberas4n@oaic.gov.au,38
169,Dorry Hamblyn,dhamblyn4o@dmoz.org,96
170,Julee Windibank,jwindibank4p@about.me,64
171,Tabby Edge,tedge4q@people.com.cn,19
172,Lenee Turrell,lturrell4r@webmd.com,96
173,Feliks Napoleone,fnapoleone4s@java.com,20
174,Tressa Warin,twarin4t@comsenz.com,53
175,Atlante Colleymore,acolleymore4u@deliciousdays.com,74
176,Derby Clausius,dclausius4v@mayoclinic.com,58
177,Rozanne Golby,rgolby4w@google.com.hk,55
178,Lelah Stebbings,lstebbings4x@wordpress.com,44
179,Sol Lagne,slagne4y@hostgator.com,24
180,Barnabas Culpin,bculpin4z@webnode.com,1
181,Adrianne Cicci,acicci50@booking.com,60
182,Debbi Gilhoolie,dgilhoolie51@bloglines.com,45
183,Sharona Fuggle,sfuggle52@youku.com,86
184,Bendick Warrilow,bwarrilow53@quantcast.com,99
185,Keriann Horwell,khorwell54@patch.com,41
186,Lin Erwin,lerwin55@weather.com,39
187,Sara-ann Gather,sgather56@reference.com,24
188,Lucas Scolts,lscolts57@ezinearticles.com,16
189,Iggie Calow,icalow58@home.pl,20
190,Norbie Newburn,nnewburn59@csmonitor.com,45
191,Debor Asty,dasty5a@google.cn,78
192,Basile Fortnum,bfortnum5b@t-online.de,18
193,Cooper Francklyn,cfrancklyn5c@creativecommons.org,42
194,Ives Heys,iheys5d@sina.com.cn,98
195,Cullan Craythorn,ccraythorn5e@nationalgeographic.com,11
196,Aubine Slowgrave,aslowgrave5f@walmart.com,84
197,Craggie Thaxter,cthaxter5g@cbc.ca,58
198,Claudianus Michin,cmichin5h@independent.co.uk,68
199,Else Klicher,eklicher5i@businessweek.com,9
200,Hurlee Wildman,hwildman5j@europa.eu,52
201,Matthew Warriner,mwarriner5k@4shared.com,99
202,Dal Gerin,dgerin5l@imageshack.us,12
203,Ad Lyste,alyste5m@github.io,55
204,Min Hardern,mhardern5n@about.me,41
205,Andrus Hunting,ahunting5o@who.int,75
206,Gwennie Amys,gamys5p@ovh.net,19
207,Flori Alders,falders5q@senate.gov,57
208,Cornelius Newcome,cnewcome5r@vistaprint.com,7
209,Aili Rozsa,arozsa5s@purevolume.com,3
210,Gordie Coursor,gcoursor5t@dion.ne.jp,89
211,Udale Papworth,upapworth5u@washingtonpost.com,27
212,Sibylla Staziker,sstaziker5v@reverbnation.com,83
213,Ricard Marvin,rmarvin5w@istockphoto.com,80
214,Katharine Kinglake,kkinglake5x@wikispaces.com,90
215,Husain Pietron,hpietron5y@aol.com,31
216,Adrienne Oades,aoades5z@addtoany.com,3
217,Gabbi Le Sieur,gle60@mapquest.com,68
218,Egan Rostern,erostern61@yahoo.com,7
219,Jonathon Abrahami,jabrahami62@arstechnica.com,90
220,Audrye Minghella,aminghella63@imgur.com,95
221,Stephannie Thurber,sthurber64@goo.gl,78
222,Lenard Riccetti,lriccetti65@unc.edu,37
223,Joyan Verbrugge,jverbrugge66@state.tx.us,34
224,Blinnie Tarbert,btarbert67@delicious.com,7
225,Sadie Haire,shaire68@mozilla.com,87
226,Ellis Appleford,eappleford69@nytimes.com,25
227,Lisette Deery,ldeery6a@tripadvisor.com,25
228,Neill Grey,ngrey6b@multiply.com,52
229,Meredithe Kohen,mkohen6c@wunderground.com,28
230,Celia Sharrard,csharrard6d@theguardian.com,51
231,Toma Kleinhausen,tkleinhausen6e@timesonline.co.uk,16
232,Spenser Schorah,sschorah6f@github.io,3
233,Tammie Akenhead,takenhead6g@csmonitor.com,27
234,Carlie Lippo,clippo6h@ft.com,31
235,Kaia Watkin,kwatkin6i@usnews.com,0
236,Emilee Jarry,ejarry6j@cisco.com,91
237,Lanita Dinning,ldinning6k@seattletimes.com,95
238,Michele Figgen,mfiggen6l@psu.edu,45
239,Royce Pirdy,rpirdy6m@admin.ch,12
240,Clemmie Blackston,cblackston6n@xing.com,8
241,Sophi Philipsen,sphilipsen6o@noaa.gov,88
242,Ronalda Attwater,rattwater6p@360.cn,34
243,Dennie Gillcrist,dgillcrist6q@hatena.ne.jp,2
244,Brit Cockley,bcockley6r@sina.com.cn,70
245,Pasquale Claypoole,pclaypoole6s@go.com,92
246,Gordie Bangs,gbangs6t@cnbc.com,1
247,Nevil Maffulli,nmaffulli6u@apple.com,13
248,Maribeth Clineck,mclineck6v@indiatimes.com,31
249,Brocky Loughlan,bloughlan6w@wikia.com,15
250,Natalee Wilman,nwilman6x@ebay.com,62
251,Mirabelle Muris,mmuris6y@hugedomains.com,70
252,Moll Ewells,mewells6z@engadget.com,46
253,Andria Atkirk,aatkirk70@weibo.com,99
254,Sayers Murname,smurname71@bloomberg.com,84
255,Dave Dodworth,ddodworth72@livejournal.com,84
256,Katey Clell,kclell73@cbc.ca,30
257,Virgil Stenyng,vstenyng74@umn.edu,69
258,Victoir Jeune,vjeune75@tiny.cc,57
259,Arnold Goomes,agoomes76@mediafire.com,50
260,Stevena Dawidsohn,sdawidsohn77@creativecommons.org,51
261,Ilysa Penna,ipenna78@t.co,55
262,Donal Skrzynski,dskrzynski79@accuweather.com,53
263,Khalil Kirtley,kkirtley7a@cbc.ca,36
264,Arlen Isgate,aisgate7b@sun.com,0
265,Nelia Abrami,nabrami7c@list-manage.com,24
266,Melesa Kalinowsky,mkalinowsky7d@cpanel.net,21
267,Shanie Pilcher,spilcher7e@posterous.com,28
268,Leonora Camps,lcamps7f@yolasite.com,46
269,Christophorus Ivashkin,civashkin7g@howstuffworks.com,58
270,Bernie Sare,bsare7h@accuweather.com,50
271,Lauren Rignoldes,lrignoldes7i@altervista.org,72
272,Kevin Stolz,kstolz7j@icq.com,99
273,Sayre Swaddle,sswaddle7k@state.gov,95
274,Dionysus Maudett,dmaudett7l@ucla.edu,32
275,Shanon Hiom,shiom7m@ezinearticles.com,74
276,Dyanna Genney,dgenney7n@squarespace.com,57
277,Alfons Primo,aprimo7o@aboutads.info,62
278,Garrot Marriott,gmarriott7p@google.nl,43
279,Othello Innett,oinnett7q@wikia.com,72
280,Mellisa Mummery,mmummery7r@si.edu,83
281,Osmund Prydie,oprydie7s@prnewswire.com,53
282,Stefania Greg,sgreg7t@vimeo.com,37
283,Thomasine Hansmann,thansmann7u@rambler.ru,82
284,Carlen Tarrant,ctarrant7v@guardian.co.uk,75
285,Reese Fozzard,rfozzard7w@jigsy.com,89
286,Sanderson Malecky,smalecky7x@bravesites.com,65
287,Annelise Rosengren,arosengren7y@irs.gov,29
288,Bradney Norquoy,bnorquoy7z@privacy.gov.au,31
289,Maurizio Petrozzi,mpetrozzi80@a8.net,76
290,Tab Swalwell,tswalwell81@sina.com.cn,13
291,Aretha Axtens,aaxtens82@opera.com,3
292,Marabel Southern,msouthern83@bigcartel.com,40
293,Flossy MacLeese,fmacleese84@sciencedirect.com,90
294,Erinn Fuzzey,efuzzey85@newsvine.com,19
295,Harrie Ellick,hellick86@globo.com,14
296,Jolene Colebourne,jcolebourne87@cam.ac.uk,47
297,Shayne Carnall,scarnall88@yolasite.com,39
298,Regen Garci,rgarci89@thetimes.co.uk,80
299,Tara Paunsford,tpaunsford8a@csmonitor.com,12
300,Rabi Ayree,rayree8b@ed.gov,77
301,Jori Wynett,jwynett8c@ow.ly,26
302,Kay Gaytor,kgaytor8d@microsoft.com,84
303,Maritsa O'Corrane,mocorrane8e@globo.com,79
304,Basilius Woolmington,bwoolmington8f@apache.org,46
305,Blondie Purves,bpurves8g@baidu.com,32
306,Edgar Tomaello,etomaello8h@weather.com,52
307,Lian Donovan,ldonovan8i@about.me,91
308,Melessa Gives,mgives8j@state.gov,44
309,Raine Crotch,rcrotch8k@51.la,67
310,Eva Keywood,ekeywood8l@ihg.com,92
311,Sidnee Birchall,sbirchall8m@sciencedirect.com,58
312,Candi Hambatch,chambatch8n@yolasite.com,33
313,Port Valens-Smith,pvalenssmith8o@instagram.com,38
314,Elinore Yo,eyo8p@woothemes.com,29
315,Theodosia Binnell,tbinnell8q@archive.org,54
316,Inger Shippam,ishippam8r@bigcartel.com,81
317,Garrard Loche,gloche8s@apple.com,99
318,Virgilio Falkingham,vfalkingham8t@slate.com,71
319,Zilvia Stanfield,zstanfield8u@cafepress.com,44
320,Rivkah Glassup,rglassup8v@yolasite.com,42
321,Tomas Moncaster,tmoncaster8w@timesonline.co.uk,98
322,Itch McLachlan,imclachlan8x@nhs.uk,47
323,Riley Brewood,rbrewood8y@youku.com,95
324,Dudley Ismead,dismead8z@soundcloud.com,14
325,Chrissy Atterley,catterley90@usa.gov,13
326,Delcina Poytheras,dpoytheras91@cornell.edu,26
327,Britte Blumson,bblumson92@timesonline.co.uk,77
328,Konstance Rustadge,krustadge93@msu.edu,21
329,Claudette Kauffman,ckauffman94@eventbrite.com,82
330,Isadora Karmel,ikarmel95@statcounter.com,85
331,Boniface Damiata,bdamiata96@cnet.com,39
332,Ina Born,iborn97@drupal.org,78
333,Kristopher Deviney,kdeviney98@friendfeed.com,14
334,Teirtza Crookshanks,tcrookshanks99@soundcloud.com,44
335,Kelsi Bonellie,kbonellie9a@netscape.com,39
336,Evaleen Bowhay,ebowhay9b@stumbleupon.com,34
337,Ozzie Mattiuzzi,omattiuzzi9c@vinaora.com,3
338,Waldo Sharphouse,wsharphouse9d@forbes.com,54
339,Hope Waterworth,hwaterworth9e@com.com,46
340,Ashli Exton,aexton9f@dmoz.org,85
341,Genny Thunders,gthunders9g@squidoo.com,98
342,Neall Kemwall,nkemwall9h@google.co.jp,45
343,Walker Lago,wlago9i@netscape.com,62
344,Smith Vinau,svinau9j@yandex.ru,60
345,Stacia Shermore,sshermore9k@unesco.org,83
346,Jania Blincko,jblincko9l@com.com,52
347,Norah Zavattiero,nzavattiero9m@reuters.com,60
348,Brena Formoy,bformoy9n@walmart.com,56
349,Teena Belshaw,tbelshaw9o@addtoany.com,94
350,Zared McGahern,zmcgahern9p@taobao.com,6
351,Aylmer Downe,adowne9q@g.co,60
352,Cathrine Sharpley,csharpley9r@amazonaws.com,6
353,Skippie Slipper,sslipper9s@techcrunch.com,19
354,Ariela Kneaphsey,akneaphsey9t@biblegateway.com,49
355,Yoshi Bousfield,ybousfield9u@w3.org,95
356,Audre Ferrotti,aferrotti9v@altervista.org,24
357,Kiley Hallbord,khallbord9w@vistaprint.com,29
358,Olly Keddie,okeddie9x@diigo.com,42
359,Wandie Botham,wbotham9y@soundcloud.com,38
360,Vicki Maitland,vmaitland9z@blinklist.com,21
361,Marion Dyott,mdyotta0@twitter.com,86
362,Lindsy Rodder,lroddera1@constantcontact.com,68
363,Simmonds Willas,swillasa2@elpais.com,36
364,Kikelia Hulk,khulka3@who.int,46
365,Kaleb Paolillo,kpaolilloa4@boston.com,29
366,Kelby MacDonald,kmacdonalda5@cdbaby.com,56
367,Arley Quinney,aquinneya6@mail.ru,14
368,Bennie Gilbart,bgilbarta7@tmall.com,77
369,Pincus Yeulet,pyeuleta8@mediafire.com,68
370,Isidoro Tomovic,itomovica9@wikimedia.org,10
371,Zita Mathes,zmathesaa@ftc.gov,3
372,Josias Tranckle,jtranckleab@drupal.org,18
373,Leopold Lace,llaceac@myspace.com,52
374,Berton Van Daalen,bvanad@hexun.com,62
375,Eadie Strognell,estrognellae@wikipedia.org,9
376,Florie Bras,fbrasaf@parallels.com,76
377,Koenraad Clausen-Thue,kclausenthueag@comsenz.com,10
378,Rogerio Gaitung,rgaitungah@google.pl,71
379,Cosimo Hunstone,chunstoneai@wikispaces.com,7
380,Conrade Hainsworth,chainsworthaj@webs.com,39
381,Tori Wilford,twilfordak@zdnet.com,31
382,Randie Hounson,rhounsonal@shinystat.com,68
383,Domingo McHarry,dmcharryam@google.pl,50
384,Wendie Tethacot,wtethacotan@discovery.com,67
385,Natasha Gleave,ngleaveao@amazonaws.com,10
386,Cosimo Please,cpleaseap@slashdot.org,4
387,Norris Sartain,nsartainaq@linkedin.com,1
388,Britney Balint,bbalintar@irs.gov,77
389,Alexandrina Notman,anotmanas@dailymail.co.uk,38
390,Vaughan Edyson,vedysonat@joomla.org,14
391,Elsinore Jenkinson,ejenkinsonau@discovery.com,62
392,Queenie Dewey,qdeweyav@prweb.com,31
393,Bailey Hrinchishin,bhrinchishinaw@google.com.hk,41
394,Arlie Ick,aickax@youku.com,15
395,Kai Wrightam,kwrightamay@issuu.com,50
396,Truman Drogan,tdroganaz@lulu.com,41
397,Glenn Dieton,gdietonb0@list-manage.com,66
398,Caterina Rodear,crodearb1@utexas.edu,66
399,Sebastian Farquhar,sfarquharb2@ca.gov,54
400,Ailsun Jilliss,ajillissb3@surveymonkey.com,33
401,Nicholle Ludlom,nludlomb4@merriam-webster.com,89
402,Mic Thewys,mthewysb5@odnoklassniki.ru,37
403,Danette Carreck,dcarreckb6@t.co,30
404,Alejandrina Searby,asearbyb7@spotify.com,62
405,Timmy Noblett,tnoblettb8@privacy.gov.au,64
406,Neilla Tedridge,ntedridgeb9@businesswire.com,19
407,Ken Bramham,kbramhamba@paginegialle.it,34
408,Torin Purcer,tpurcerbb@arstechnica.com,34
409,Tana Doveston,tdovestonbc@loc.gov,40
410,Alejandro Linthead,alintheadbd@state.tx.us,36
411,Valera Reidie,vreidiebe@zimbio.com,98
412,Stephanie Hurich,shurichbf@nih.gov,27
413,Marie-ann Pischof,mpischofbg@taobao.com,36
414,Laverne Houltham,lhoulthambh@economist.com,68
415,Anderea Greenshields,agreenshieldsbi@hp.com,21
416,Kirk Queste,kquestebj@twitpic.com,26
417,Laurena MacRonald,lmacronaldbk@senate.gov,24
418,Maris Graben,mgrabenbl@hexun.com,36
419,Erich Toffetto,etoffettobm@facebook.com,16
420,Albina McDarmid,amcdarmidbn@europa.eu,5
421,Corilla Mallia,cmalliabo@sogou.com,7
422,Helge Dobbins,hdobbinsbp@narod.ru,27
423,Silvana Grece,sgrecebq@ameblo.jp,99
424,Eldredge Seven,esevenbr@engadget.com,73
425,Janel Sambeck,jsambeckbs@cbsnews.com,86
426,Ulla Nunes Nabarro,ununesbt@digg.com,5
427,Amata Hansbury,ahansburybu@cmu.edu,45
428,Phil D'Cruze,pdcruzebv@bravesites.com,96
429,Nikita Yarrall,nyarrallbw@goo.gl,21
430,Odell McCleverty,omcclevertybx@uol.com.br,75
431,Addie Fasson,afassonby@mysql.com,4
432,Gill Mannin,gmanninbz@lulu.com,11
433,Sophi Alvares,salvaresc0@flickr.com,51
434,Lethia Dunbobbin,ldunbobbinc1@utexas.edu,40
435,Marven Savin,msavinc2@ucla.edu,21
436,Luther Hinckley,lhinckleyc3@google.ca,74
437,Gianni Gould,ggouldc4@bigcartel.com,2
438,Lian Lowther,llowtherc5@cam.ac.uk,18
439,Maje Bourchier,mbourchierc6@gnu.org,40
440,Cosmo Lerhinan,clerhinanc7@google.it,5
441,Ailene Lightbody,alightbodyc8@fda.gov,90
442,Rita Bicker,rbickerc9@hao123.com,58
443,Persis Plett,pplettca@usnews.com,93
444,Nike Olifaunt,nolifauntcb@cisco.com,64
445,Jacquenetta Vasilkov,jvasilkovcc@deliciousdays.com,40
446,Llywellyn Mowday,lmowdaycd@hc360.com,62
447,Boothe Freeburn,bfreeburnce@blinklist.com,62
448,Camellia Fores,cforescf@booking.com,97
449,Petey Roth,prothcg@example.com,92
450,Tobi Vigus,tvigusch@amazonaws.com,2
451,Samara Grinov,sgrinovci@npr.org,44
452,Cayla Seedhouse,cseedhousecj@uol.com.br,57
453,Carmella O'Hannen,cohannenck@51.la,29
454,Engracia Lembcke,elembckecl@arstechnica.com,57
455,Wells Wiley,wwileycm@who.int,89
456,Hillel Pedrozzi,hpedrozzicn@w3.org,4
457,Haskel Maliffe,hmaliffeco@goo.gl,95
458,Sandye Eye,seyecp@netvibes.com,27
459,Candace Grishankov,cgrishankovcq@wikimedia.org,17
460,Kiersten Rannells,krannellscr@1und1.de,92
461,Nadine Dronsfield,ndronsfieldcs@nba.com,29
462,Sol Alessandrini,salessandrinict@goo.gl,28
463,Lusa Antic,lanticcu@wiley.com,81
464,Emerson McIlveen,emcilveencv@seattletimes.com,54
465,Pennie Borles,pborlescw@mozilla.org,39
466,Odie Pole,opolecx@merriam-webster.com,90
467,Rena Harroll,rharrollcy@de.vu,40
468,Pia Yurchenko,pyurchenkocz@hud.gov,87
469,Yolanthe De Blasi,yded0@hao123.com,5
470,Adriena Wardington,awardingtond1@bigcartel.com,68
471,Dalis Ayshford,dayshfordd2@hc360.com,41
472,Staffard Beaton,sbeatond3@patch.com,36
473,Maryann Feeney,mfeeneyd4@cloudflare.com,99
474,Rabi Britland,rbritlandd5@ovh.net,49
475,Jessika Aronoff,jaronoffd6@youtube.com,88
476,Paddie Regelous,pregelousd7@state.tx.us,45
477,Iorgos Huster,ihusterd8@odnoklassniki.ru,55
478,Wendel Sedger,wsedgerd9@topsy.com,13
479,Andreas Dunlop,adunlopda@stumbleupon.com,17
480,Wallie Smickle,wsmickledb@imgur.com,4
481,Lizette Crissil,lcrissildc@amazon.com,81
482,Cori Biggin,cbiggindd@examiner.com,35
483,Kip Soppett,ksoppettde@patch.com,28
484,Belle McQueen,bmcqueendf@naver.com,5
485,Bendick Oley,boleydg@nasa.gov,55
486,Kathrine Garr,kgarrdh@myspace.com,47
487,Harrison Fibbings,hfibbingsdi@theglobeandmail.com,95
488,Thornie Coda,tcodadj@networkadvertising.org,88
489,Earle Springford,espringforddk@state.gov,21
490,Vivianne Wrinch,vwrinchdl@businessweek.com,96
491,Kingsley Stallibrass,kstallibrassdm@stumbleupon.com,42
492,Gorden Dumbrell,gdumbrelldn@nymag.com,59
493,Valina Seath,vseathdo@nhs.uk,8
494,Morgen Kington,mkingtondp@free.fr,94
495,Patrizius Tyrer,ptyrerdq@webnode.com,9
496,Rosalie McGuckin,rmcguckindr@walmart.com,87
497,Keenan Greaves,kgreavesds@soundcloud.com,92
498,Lorraine Wigfall,lwigfalldt@goodreads.com,46
499,Faye Server,fserverdu@sciencedaily.com,2
500,Joell Dorracott,jdorracottdv@youku.com,39
501,Fina Baldery,fbalderydw@marriott.com,74
502,Haywood Lacheze,hlachezedx@hp.com,80
503,Ulric Capeloff,ucapeloffdy@yale.edu,33
504,Rayshell Christer,rchristerdz@gnu.org,55
505,Tomas Heustice,theusticee0@webmd.com,45
506,Lodovico Bilbery,lbilberye1@engadget.com,19
507,Giulia Itschakov,gitschakove2@cnbc.com,45
508,Sheffield Roisen,sroisene3@infoseek.co.jp,48
509,Jarid Morsom,jmorsome4@myspace.com,73
510,Tanney James,tjamese5@mlb.com,86
511,Morgen Manneville,mmannevillee6@ftc.gov,16
512,Berty Pimlett,bpimlette7@reddit.com,80
513,Nettle Lumly,nlumlye8@omniture.com,97
514,Miner Rodenburg,mrodenburge9@blogger.com,91
515,Rosalynd Spaduzza,rspaduzzaea@cpanel.net,32
516,Stacy Arnault,sarnaulteb@bbb.org,70
517,Jeremy Gallagher,jgallagherec@unc.edu,19
518,Jaimie Arne,jarneed@amazonaws.com,96
519,Thomas Petrello,tpetrelloee@homestead.com,77
520,Isaac Eastop,ieastopef@chronoengine.com,14
521,Rodi Semeniuk,rsemeniukeg@auda.org.au,86
522,Corinna Godley,cgodleyeh@live.com,98
523,Anthony Bahlmann,abahlmannei@yandex.ru,55
524,Rudie Romain,rromainej@youtube.com,20
525,Denna Duligal,dduligalek@sina.com.cn,26
526,Danny McBrady,dmcbradyel@webeden.co.uk,5
527,Garvin Jelley,gjelleyem@g.co,61
528,Floris Walkingshaw,fwalkingshawen@nytimes.com,99
529,Lisa Jewett,ljewetteo@nytimes.com,39
530,Worthy Livoir,wlivoirep@geocities.jp,69
531,Monro Cancutt,mcancutteq@tinyurl.com,88
532,Mattheus Petel,mpeteler@reddit.com,39
533,Jere Whifen,jwhifenes@wp.com,57
534,Ralph Trussler,rtrussleret@craigslist.org,61
535,Arvin Hollow,aholloweu@google.fr,38
536,Ravi Solland,rsollandev@163.com,78
537,Anders Codrington,acodringtonew@spiegel.de,91
538,Eirena Coke,ecokeex@github.io,77
539,Anne Suddick,asuddickey@home.pl,96
540,Courtney Eckart,ceckartez@eventbrite.com,97
541,Tremain Warrener,twarrenerf0@buzzfeed.com,35
542,Shaylah Rutland,srutlandf1@feedburner.com,16
543,Genevra Mc Trusty,gmcf2@amazon.com,74
544,Clem Brenneke,cbrennekef3@google.fr,58
545,Kimmie Emerine,kemerinef4@cisco.com,7
546,Natasha Ollarenshaw,nollarenshawf5@1688.com,0
547,Courtnay Offell,coffellf6@wunderground.com,58
548,Gerladina Harkus,gharkusf7@businessweek.com,92
549,Andrea Ruhben,aruhbenf8@live.com,74
550,Torre Townsend,ttownsendf9@bluehost.com,29
551,Alta Eteen,aeteenfa@telegraph.co.uk,23
552,Royce Chelley,rchelleyfb@google.com,37
553,Bartholomew Severn,bsevernfc@myspace.com,46
554,Christopher Llopis,cllopisfd@spotify.com,85
555,Hirsch Pepperill,hpepperillfe@tripadvisor.com,59
556,Tedi Tremolieres,ttremolieresff@hatena.ne.jp,46
557,Kerry Krout,kkroutfg@ucoz.ru,11
558,Ruthann Issacoff,rissacofffh@aol.com,34
559,Padgett Pevsner,ppevsnerfi@nyu.edu,18
560,Octavius Savil,osavilfj@nsw.gov.au,70
561,Cristie Condliffe,ccondliffefk@privacy.gov.au,17
562,Andrey Caird,acairdfl@narod.ru,15
563,Florence Sapshed,fsapshedfm@businessinsider.com,22
564,Julienne Wiltshear,jwiltshearfn@chronoengine.com,18
565,Anson Schultheiss,aschultheissfo@xinhuanet.com,30
566,Fifine Garmans,fgarmansfp@java.com,17
567,Bartel Nockells,bnockellsfq@amazon.co.uk,100
568,Marlow Staines,mstainesfr@pinterest.com,61
569,Madonna Castagno,mcastagnofs@elpais.com,43
570,Cash Lafferty,claffertyft@angelfire.com,30
571,Augusta Chazerand,achazerandfu@live.com,40
572,Colby Thorald,cthoraldfv@google.es,85
573,Arlee Colnett,acolnettfw@pcworld.com,52
574,Aaron McGrale,amcgralefx@behance.net,13
575,Xaviera Crecy,xcrecyfy@icq.com,46
576,Faustine Aldritt,faldrittfz@odnoklassniki.ru,16
577,Alana Fullagar,afullagarg0@tinyurl.com,15
578,Sheppard Perico,spericog1@vimeo.com,23
579,Onofredo Traill,otraillg2@g.co,20
580,Helge Toke,htokeg3@stumbleupon.com,82
581,Shelley Chopy,schopyg4@linkedin.com,73
582,Bjorn Guttridge,bguttridgeg5@booking.com,21
583,Garold Aven,gaveng6@washingtonpost.com,97
584,Reginald Towson,rtowsong7@mysql.com,77
585,Junina Mushawe,jmushaweg8@google.nl,100
586,Christabel Biesty,cbiestyg9@chron.com,98
587,Ephrayim Dibbs,edibbsga@cbslocal.com,58
588,Bobbee De Meis,bdegb@ebay.com,32
589,Shanie Artis,sartisgc@princeton.edu,62
590,Marlo Tue,mtuegd@php.net,46
591,Luciano Fynan,lfynange@cisco.com,78
592,Arlyn Rzehorz,arzehorzgf@list-manage.com,69
593,Emilee Bothie,ebothiegg@hexun.com,16
594,Almira Biskupiak,abiskupiakgh@vk.com,37
595,Melloney Karmel,mkarmelgi@csmonitor.com,81
596,Mateo Capner,mcapnergj@dagondesign.com,95
597,Karlan Easson,keassongk@youtu.be,94
598,Madelina Insworth,minsworthgl@google.com,54
599,Pavia Faucherand,pfaucherandgm@deviantart.com,67
600,Minnaminnie Birdwhistell,mbirdwhistellgn@free.fr,6
601,Vito Raymont,vraymontgo@blogtalkradio.com,93
602,Dottie Stanney,dstanneygp@printfriendly.com,99
603,Corey Kirvell,ckirvellgq@squidoo.com,86
604,Fidelia Gubbins,fgubbinsgr@dagondesign.com,8
605,Mariann Le Barr,mlegs@bloglovin.com,69
606,Mead Mazzey,mmazzeygt@gov.uk,75
607,Ros Oughton,roughtongu@google.it,15
608,Corly Pierro,cpierrogv@reverbnation.com,70
609,Griffy Glandfield,gglandfieldgw@goodreads.com,48
610,Erinn Artus,eartusgx@hhs.gov,40
611,Charmain Boughen,cboughengy@yolasite.com,41
612,Hedwiga Lamberteschi,hlamberteschigz@jigsy.com,87
613,Adelle Vidgeon,avidgeonh0@soundcloud.com,37
614,Roddie Bennett,rbennetth1@cnet.com,32
615,Farris Buntine,fbuntineh2@sfgate.com,63
616,Doti Fallis,dfallish3@newsvine.com,1
617,Tan Durkin,tdurkinh4@unblog.fr,71
618,Ellis Elsmore,eelsmoreh5@cmu.edu,33
619,Leann Leach,lleachh6@nbcnews.com,82
620,Idette Desseine,idesseineh7@ed.gov,44
621,Ashlie Newis,anewish8@t-online.de,28
622,Keane Emmert,kemmerth9@disqus.com,40
623,Lanna Sprull,lsprullha@gmpg.org,39
624,Buddy Middlebrook,bmiddlebrookhb@nsw.gov.au,36
625,Simmonds Doutch,sdoutchhc@wikispaces.com,70
626,Lula Wragg,lwragghd@sbwire.com,68
627,Farlay Arundale,farundalehe@vistaprint.com,21
628,Teodorico Hegel,thegelhf@japanpost.jp,61
629,Conchita Haliday,chalidayhg@deliciousdays.com,60
630,Rolph Dymidowicz,rdymidowiczhh@gravatar.com,37
631,Reggy Pettko,rpettkohi@blogspot.com,1
632,Claybourne Pracy,cpracyhj@sciencedaily.com,29
633,Vanya Danilyuk,vdanilyukhk@oracle.com,18
634,Sly Chetwynd,schetwyndhl@wikia.com,51
635,Wenona Jemison,wjemisonhm@sohu.com,58
636,Chadd Chapell,cchapellhn@shinystat.com,23
637,Eleanora Crisell,ecrisellho@free.fr,42
638,Tate Stirton,tstirtonhp@parallels.com,30
639,Dyanne Ulyet,dulyethq@ovh.net,71
640,Spenser Raoux,sraouxhr@indiatimes.com,53
641,Sonny Nickoles,snickoleshs@posterous.com,31
642,Antonetta Crowcombe,acrowcombeht@vinaora.com,56
643,Clarisse Wike,cwikehu@unesco.org,38
644,Gabriell Macveigh,gmacveighhv@nature.com,72
645,Freeman Goodbody,fgoodbodyhw@hc360.com,76
646,Brooke Wych,bwychhx@usnews.com,31
647,Shepherd D'eath,sdeathhy@jigsy.com,0
648,Myrlene Powland,mpowlandhz@disqus.com,17
649,Cad Cokly,ccoklyi0@thetimes.co.uk,42
650,Daren Estcot,destcoti1@hugedomains.com,38
651,Keelia Morbey,kmorbeyi2@sitemeter.com,92
652,Dean Peppin,dpeppini3@blogger.com,87
653,Bernarr McKerron,bmckerroni4@marketwatch.com,98
654,Lilla McFater,lmcfateri5@360.cn,23
655,Eben Berthe,eberthei6@noaa.gov,5
656,Tades Ghent,tghenti7@princeton.edu,71
657,Lonnard Wettern,lwetterni8@infoseek.co.jp,6
658,Analiese Pashan,apashani9@phoca.cz,83
659,Jacynth Simioli,jsimioliia@imgur.com,93
660,Michel Terrans,mterransib@va.gov,45
661,Lanny Basil,lbasilic@seattletimes.com,54
662,Ware Vallerine,wvallerineid@tiny.cc,24
663,Joachim Gaye,jgayeie@amazon.de,35
664,Fairleigh Keady,fkeadyif@wisc.edu,4
665,Siouxie Juan,sjuanig@unicef.org,75
666,Woody Hartless,whartlessih@plala.or.jp,81
667,Jarrad Mendez,jmendezii@etsy.com,20
668,Catherina Prendergrass,cprendergrassij@goodreads.com,20
669,Auroora Jamme,ajammeik@parallels.com,13
670,Elsi Emlin,eemlinil@photobucket.com,15
671,Idalina Phillput,iphillputim@netscape.com,98
672,Terence Strawbridge,tstrawbridgein@chicagotribune.com,21
673,Drud Wingeat,dwingeatio@google.com.br,26
674,Willy Bedenham,wbedenhamip@goodreads.com,33
675,Hebert Eberts,hebertsiq@bandcamp.com,92
676,Pen MacIllrick,pmacillrickir@com.com,54
677,Patricio Stichall,pstichallis@cnn.com,59
678,Arabelle Gisburn,agisburnit@comsenz.com,17
679,Henrie Fike,hfikeiu@fastcompany.com,53
680,Moyna Whitman,mwhitmaniv@businessweek.com,91
681,Mikkel Symon,msymoniw@reference.com,34
682,Sheelah Fratczak,sfratczakix@marketwatch.com,0
683,Derry Stokes,dstokesiy@google.de,39
684,Sophey Clyde,sclydeiz@opensource.org,91
685,Hadria Connolly,hconnollyj0@nymag.com,91
686,Anson Mallard,amallardj1@nyu.edu,100
687,Rivi Culwen,rculwenj2@reuters.com,64
688,Wells Tomankiewicz,wtomankiewiczj3@home.pl,42
689,Maryann Thiolier,mthiolierj4@state.gov,62
690,Desiri Benoi,dbenoij5@histats.com,54
691,Franny Inskipp,finskippj6@usatoday.com,31
692,Giulio Tedder,gtedderj7@wordpress.org,67
693,Rosana Ubach,rubachj8@ihg.com,61
694,Koren Dilke,kdilkej9@homestead.com,80
695,Elka Eyree,eeyreeja@freewebs.com,4
696,Felic Whilder,fwhilderjb@aol.com,63
697,Edmund Seys,eseysjc@spiegel.de,34
698,Larisa Filippucci,lfilippuccijd@acquirethisname.com,77
699,Benita Slay,bslayje@51.la,71
700,Scottie Gilchrist,sgilchristjf@cbc.ca,2
701,Catlee Leverentz,cleverentzjg@cmu.edu,73
702,April Ottee,aotteejh@usda.gov,22
703,Jaye Lyttle,jlyttleji@usatoday.com,51
704,Brittan Semens,bsemensjj@theglobeandmail.com,83
705,Nickolas Stedson,nstedsonjk@intel.com,79
706,Karena Bulfoy,kbulfoyjl@ebay.co.uk,9
707,Patrizio Klaggeman,pklaggemanjm@elegantthemes.com,61
708,Emerson Broadhead,ebroadheadjn@washingtonpost.com,80
709,Tore Lopes,tlopesjo@spotify.com,61
710,Jaquith Anscott,janscottjp@wikipedia.org,26
711,Menard Kleinschmidt,mkleinschmidtjq@wired.com,48
712,Christy Rittelmeyer,crittelmeyerjr@cyberchimps.com,40
713,Jeana Goudge,jgoudgejs@ihg.com,53
714,Shara Alred,salredjt@si.edu,82
715,Nalani Doble,ndobleju@pbs.org,56
716,Natala Schieferstein,nschiefersteinjv@merriam-webster.com,3
717,Karolina Scarce,kscarcejw@oakley.com,5
718,Etheline Corderoy,ecorderoyjx@shutterfly.com,60
719,Kamillah D'Ambrogi,kdambrogijy@cbsnews.com,41
720,Tyrone Dosdell,tdosdelljz@slideshare.net,24
721,Clari Yellowlees,cyellowleesk0@uiuc.edu,32
722,Morissa Ralton,mraltonk1@wisc.edu,90
723,Fae Scothorn,fscothornk2@noaa.gov,94
724,Hew Storey,hstoreyk3@slashdot.org,58
725,Abagael Gronou,agronouk4@yale.edu,100
726,Phillida Rebichon,prebichonk5@mozilla.com,65
727,Aldon Tersay,atersayk6@prnewswire.com,53
728,Elita Samper,esamperk7@lulu.com,72
729,Kennie Dikelin,kdikelink8@cargocollective.com,59
730,Fabiano Branson,fbransonk9@elpais.com,23
731,Lian Tubb,ltubbka@artisteer.com,7
732,Rhoda Stother,rstotherkb@springer.com,85
733,Casar Evered,ceveredkc@fotki.com,87
734,Emiline Bims,ebimskd@flavors.me,68
735,Kristyn Ubsdell,kubsdellke@comcast.net,88
736,Elmore Nealy,enealykf@paypal.com,83
737,Elmer Le Sarr,elekg@wikispaces.com,42
738,Betty Dixson,bdixsonkh@spiegel.de,93
739,Jaye Crossingham,jcrossinghamki@cdc.gov,93
740,Elnora Yggo,eyggokj@gov.uk,79
741,Clarisse Shermar,cshermarkk@squarespace.com,14
742,Lin McKeever,lmckeeverkl@bluehost.com,20
743,Ram Barg,rbargkm@slashdot.org,7
744,Frans Greenacre,fgreenacrekn@ucsd.edu,91
745,Chrysa Valois,cvaloisko@nsw.gov.au,1
746,Bruno Troy,btroykp@forbes.com,30
747,Amata Grewcock,agrewcockkq@taobao.com,39
748,Winny Prose,wprosekr@yellowbook.com,74
749,Natka Cullen,ncullenks@paypal.com,99
750,Carita McFaell,cmcfaellkt@accuweather.com,26
751,Farah Brittles,fbrittlesku@oracle.com,30
752,Damian Willcock,dwillcockkv@ed.gov,1
753,Demetri Torvey,dtorveykw@usnews.com,90
754,Currie Nares,cnareskx@ycombinator.com,81
755,Guthrey Obbard,gobbardky@alexa.com,79
756,Jilli Order,jorderkz@slashdot.org,78
757,Lyda McKelvey,lmckelveyl0@dot.gov,3
758,Tobiah Edelmann,tedelmannl1@zdnet.com,66
759,Raf Klejna,rklejnal2@unc.edu,32
760,Odele MacCostye,omaccostyel3@gravatar.com,22
761,Angelo Northbridge,anorthbridgel4@amazon.co.jp,78
762,Zelig Halpine,zhalpinel5@tuttocitta.it,53
763,Glori Dillow,gdillowl6@springer.com,15
764,Grete Volker,gvolkerl7@cafepress.com,28
765,Aubrey Duggleby,adugglebyl8@naver.com,28
766,Lucie Dorset,ldorsetl9@tamu.edu,7
767,Freeman Dady,fdadyla@elegantthemes.com,94
768,Odele Lucio,oluciolb@cornell.edu,39
769,Tania Avramovich,tavramovichlc@example.com,85
770,Kippy Whyman,kwhymanld@hostgator.com,56
771,Kathi O'Kielt,kokieltle@sohu.com,92
772,Cello Massey,cmasseylf@hud.gov,72
773,Donavon Senussi,dsenussilg@histats.com,61
774,Sacha Fernant,sfernantlh@yale.edu,3
775,Garrik McCaffrey,gmccaffreyli@xinhuanet.com,55
776,Tabitha Kitchinghan,tkitchinghanlj@disqus.com,15
777,Karita Metcalfe,kmetcalfelk@wikia.com,73
778,Odelia Clousley,oclousleyll@slashdot.org,27
779,Meara Luna,mlunalm@amazon.co.jp,52
780,Rennie Borne,rborneln@google.nl,43
781,Paule Torel,ptorello@mashable.com,10
782,Meghan Aldins,maldinslp@cocolog-nifty.com,89
783,Esmeralda Grenville,egrenvillelq@google.nl,6
784,Tiff Leeder,tleederlr@chron.com,74
785,Georgeanne Blose,gblosels@google.cn,7
786,Denice Brissard,dbrissardlt@smugmug.com,11
787,Johannes Yashaev,jyashaevlu@sfgate.com,45
788,Misty Sneller,msnellerlv@cnet.com,0
789,Felicle Vargas,fvargaslw@cisco.com,30
790,Rudiger Puxley,rpuxleylx@google.it,25
791,Tierney Castagnaro,tcastagnaroly@dyndns.org,1
792,Keefer Vell,kvelllz@wiley.com,58
793,Emile Noyes,enoyesm0@icq.com,43
794,Johannes Swansborough,jswansboroughm1@ycombinator.com,70
795,Russ Hawk,rhawkm2@hatena.ne.jp,14
796,Ripley Harkess,rharkessm3@sourceforge.net,76
797,Anthia Jinks,ajinksm4@wisc.edu,40
798,Kippy Spoors,kspoorsm5@odnoklassniki.ru,37
799,Maggee Brierley,mbrierleym6@nydailynews.com,23
800,Nealson Birchett,nbirchettm7@baidu.com,83
801,Temp Raynham,traynhamm8@salon.com,93
802,Rik Getcliff,rgetcliffm9@ox.ac.uk,95
803,Roderic Willishire,rwillishirema@nsw.gov.au,97
804,Jaye Imlen,jimlenmb@salon.com,26
805,Chrisse Olyfant,colyfantmc@freewebs.com,3
806,Slade Threader,sthreadermd@geocities.com,94
807,Chuck Furmagier,cfurmagierme@nih.gov,76
808,Bartholomeus McGann,bmcgannmf@scientificamerican.com,6
809,Marja Darmody,mdarmodymg@youtube.com,17
810,Cameron Fairlem,cfairlemmh@sun.com,73
811,Bridget Brenneke,bbrennekemi@godaddy.com,88
812,Wallis Rogers,wrogersmj@trellian.com,10
813,Sheridan Grey,sgreymk@yale.edu,35
814,Ceciley Rickersey,crickerseyml@weibo.com,1
815,Obidiah Baynard,obaynardmm@cargocollective.com,60
816,Dennie Fearn,dfearnmn@mysql.com,81
817,Bone Seaking,bseakingmo@go.com,16
818,Lynsey Sproule,lsproulemp@soundcloud.com,1
819,Rawley Gealle,rgeallemq@mozilla.com,2
820,Kenna Trodler,ktrodlermr@cisco.com,88
821,Ingelbert Britner,ibritnerms@shinystat.com,7
822,Anatola Keyes,akeyesmt@creativecommons.org,81
823,Shaina Rivel,srivelmu@independent.co.uk,68
824,Roxi Rea,rreamv@google.com,14
825,Clemence Blurton,cblurtonmw@rakuten.co.jp,35
826,Maressa Blackley,mblackleymx@symantec.com,22
827,Danielle Nazareth,dnazarethmy@japanpost.jp,27
828,Brady Fredy,bfredymz@unicef.org,4
829,Tessy Morshead,tmorsheadn0@virginia.edu,39
830,Meir Wannan,mwannann1@free.fr,68
831,Riva Itschakov,ritschakovn2@angelfire.com,98
832,Nico Wolstenholme,nwolstenholmen3@redcross.org,32
833,Tim Hubber,thubbern4@homestead.com,14
834,Lishe Peagram,lpeagramn5@mozilla.com,77
835,Kassandra Mulvenna,kmulvennan6@skyrock.com,76
836,Charo Slowey,csloweyn7@goo.ne.jp,8
837,Shaina Palser,spalsern8@va.gov,15
838,Bessy Iacobassi,biacobassin9@nymag.com,73
839,Willette Elwin,welwinna@indiatimes.com,98
840,Shaughn Ivanshintsev,sivanshintsevnb@adobe.com,6
841,Tammy Valder,tvaldernc@alibaba.com,11
842,Tarrance Dudill,tdudillnd@salon.com,94
843,Blaine Aked,bakedne@arstechnica.com,29
844,Reynolds Deverock,rdeverocknf@netscape.com,51
845,Kial Woodage,kwoodageng@shareasale.com,44
846,Wendie Petford,wpetfordnh@npr.org,64
847,Rhoda Bouzek,rbouzekni@cnbc.com,97
848,Natka Bodker,nbodkernj@macromedia.com,39
849,Vinny Liddyard,vliddyardnk@columbia.edu,47
850,Griffy Shower,gshowernl@skyrock.com,32
851,Stefanie McCraw,smccrawnm@twitpic.com,13
852,Nobe Kollas,nkollasnn@tamu.edu,2
853,Jozef Thrush,jthrushno@e-recht24.de,89
854,Enrico Rapport,erapportnp@moonfruit.com,14
855,Agnes Cairns,acairnsnq@typepad.com,3
856,Rodolfo Ringer,rringernr@wisc.edu,24
857,Rosie Mansion,rmansionns@imgur.com,8
858,Darlene Stapleton,dstapletonnt@dell.com,57
859,Edythe Hendrich,ehendrichnu@umn.edu,43
860,Evered Dayer,edayernv@globo.com,61
861,Haley Sargent,hsargentnw@csmonitor.com,79
862,Suzanna Sailer,ssailernx@opera.com,1
863,Felisha Dumelow,fdumelowny@list-manage.com,33
864,Casie Dibden,cdibdennz@huffingtonpost.com,63
865,Adria Lenney,alenneyo0@npr.org,62
866,Enrichetta Kuhnwald,ekuhnwaldo1@pinterest.com,66
867,Solly O'Heneghan,soheneghano2@walmart.com,46
868,Salmon Aslet,sasleto3@pen.io,0
869,Opaline Pink,opinko4@usnews.com,57
870,Meade Amerighi,mamerighio5@ovh.net,86
871,Shelly Alessandrini,salessandrinio6@vkontakte.ru,26
872,Ursala Galland,ugallando7@i2i.jp,39
873,Dane Droogan,ddroogano8@boston.com,21
874,Emmi Groom,egroomo9@amazon.de,54
875,Iosep Queripel,iqueripeloa@hibu.com,28
876,Valerie Normanell,vnormanellob@xinhuanet.com,38
877,Silvester Everal,severaloc@jugem.jp,89
878,Marena Nimmo,mnimmood@artisteer.com,53
879,Jackelyn Rosenfarb,jrosenfarboe@wsj.com,39
880,Jonie Eagan,jeaganof@reddit.com,35
881,Kristofor Weall,kweallog@sun.com,53
882,Chevalier Perrigo,cperrigooh@tiny.cc,29
883,Bertrand Fidelus,bfidelusoi@linkedin.com,49
884,Irita Le Friec,ileoj@free.fr,50
885,Twyla Gillow,tgillowok@economist.com,25
886,Rois Fonzo,rfonzool@cafepress.com,34
887,Binky Fursse,bfursseom@discuz.net,2
888,Michell Maddams,mmaddamson@auda.org.au,49
889,Gunar Housley,ghousleyoo@ning.com,40
890,Yuma Peye,ypeyeop@cnn.com,60
891,Kamila Grindley,kgrindleyoq@cnet.com,35
892,Selestina Wogan,swoganor@csmonitor.com,77
893,Aurie Pressey,apresseyos@furl.net,84
894,Katinka Brettoner,kbrettonerot@bloglovin.com,70
895,Mariana Baraja,mbarajaou@newyorker.com,73
896,Eugenio Perigoe,eperigoeov@ehow.com,71
897,Edsel May,emayow@ed.gov,7
898,Ase Ferrarone,aferraroneox@statcounter.com,24
899,Corey McAvinchey,cmcavincheyoy@nhs.uk,5
900,Hilliard Oakwell,hoakwelloz@dailymotion.com,70
901,Reggie Jordon,rjordonp0@msu.edu,42
902,North Eaden,neadenp1@canalblog.com,1
903,Milly Staves,mstavesp2@gizmodo.com,81
904,Christie Kaufman,ckaufmanp3@youtu.be,77
905,Randa Sertin,rsertinp4@ft.com,23
906,Riordan Sisland,rsislandp5@aboutads.info,92
907,Calley Tapping,ctappingp6@google.ru,87
908,Emanuel Huckerby,ehuckerbyp7@wufoo.com,54
909,Christoforo Preddle,cpreddlep8@furl.net,38
910,Keven Corbet,kcorbetp9@miibeian.gov.cn,1
911,Franklin Crimin,fcriminpa@soundcloud.com,99
912,Nicole Carbett,ncarbettpb@whitehouse.gov,72
913,Karoly Swanton,kswantonpc@house.gov,60
914,Raul Salvador,rsalvadorpd@google.ca,65
915,Danielle Lideard,dlideardpe@cam.ac.uk,82
916,Harriot Giacobelli,hgiacobellipf@multiply.com,61
917,Thelma Kingcott,tkingcottpg@flickr.com,32
918,Aaron Burrow,aburrowph@engadget.com,4
919,Stesha Hazlegrove,shazlegrovepi@4shared.com,34
920,Rockie Jiranek,rjiranekpj@indiegogo.com,62
921,Lutero Jory,ljorypk@usa.gov,8
922,Joyce Braithwaite,jbraithwaitepl@ucsd.edu,97
923,Denney Fitzroy,dfitzroypm@spiegel.de,43
924,Ichabod Diggens,idiggenspn@goo.ne.jp,29
925,Guinevere Waller-Bridge,gwallerbridgepo@huffingtonpost.com,7
926,Maximilian Leinster,mleinsterpp@oaic.gov.au,27
927,Kevin Caile,kcailepq@indiegogo.com,53
928,Jackqueline Perle,jperlepr@bloglovin.com,7
929,Sauncho Blakeley,sblakeleyps@nationalgeographic.com,66
930,Harwilll McCamish,hmccamishpt@google.co.uk,66
931,Tatum Powrie,tpowriepu@nymag.com,71
932,Janine Halstead,jhalsteadpv@yellowbook.com,7
933,Bronson Toffetto,btoffettopw@storify.com,13
934,Cleo Hindsberg,chindsbergpx@answers.com,20
935,Sig Neaves,sneavespy@twitter.com,5
936,Annalise Glenn,aglennpz@angelfire.com,62
937,Marybeth Arnely,marnelyq0@si.edu,84
938,Madelyn Midner,mmidnerq1@wisc.edu,15
939,Kelci Maycock,kmaycockq2@tamu.edu,24
940,Ida Sholl,ishollq3@multiply.com,95
941,Quint Dunaway,qdunawayq4@umn.edu,67
942,Nahum Ferriby,nferribyq5@macromedia.com,33
943,Byron Baudinot,bbaudinotq6@wisc.edu,42
944,Glennie Tegler,gteglerq7@e-recht24.de,45
945,Leena Mitchiner,lmitchinerq8@blogspot.com,71
946,Elana Adcocks,eadcocksq9@mac.com,14
947,Lotte Jakes,ljakesqa@telegraph.co.uk,39
948,Babbette Hanner,bhannerqb@ask.com,7
949,Eulalie Headon,eheadonqc@xrea.com,1
950,Bing Grindell,bgrindellqd@ted.com,10
951,Page Arrundale,parrundaleqe@soundcloud.com,84
952,Diahann Manterfield,dmanterfieldqf@istockphoto.com,65
953,Ike Van Der Hoog,ivanqg@cyberchimps.com,3
954,Adrianne Farndell,afarndellqh@wikimedia.org,17
955,Royal Greenhalgh,rgreenhalghqi@timesonline.co.uk,45
956,Theadora MacCague,tmaccagueqj@chronoengine.com,26
957,Laraine Sharrard,lsharrardqk@sun.com,63
958,Burch Woodwind,bwoodwindql@xing.com,92
959,Hiram Snowsill,hsnowsillqm@paypal.com,48
960,Jeralee Rarity,jrarityqn@webs.com,15
961,Yoshiko Lovekin,ylovekinqo@accuweather.com,62
962,Valera Jaggard,vjaggardqp@nationalgeographic.com,74
963,Iormina Perrott,iperrottqq@imdb.com,59
964,Borden Wilshere,bwilshereqr@wikimedia.org,68
965,Nilson Jakaway,njakawayqs@newsvine.com,30
966,Ingrid Serman,isermanqt@chronoengine.com,11
967,Kriste Tharme,ktharmequ@creativecommons.org,94
968,Stella Denacamp,sdenacampqv@wired.com,14
969,Lucretia Edington,ledingtonqw@friendfeed.com,56
970,Valma Kalderon,vkalderonqx@hugedomains.com,98
971,Lillian Baline,lbalineqy@rediff.com,10
972,Vergil Chatburn,vchatburnqz@ed.gov,41
973,Rancell Marcam,rmarcamr0@furl.net,34
974,Deedee Kenford,dkenfordr1@wsj.com,89
975,Nathan Willgoose,nwillgooser2@com.com,91
976,Antonina Tremblett,atremblettr3@webnode.com,70
977,Audy Lappin,alappinr4@google.co.jp,60
978,Ewell Kohrsen,ekohrsenr5@pbs.org,6
979,Mommy Audry,maudryr6@ebay.co.uk,59
980,Ricky Raraty,rraratyr7@altervista.org,52
981,Freddi Blackman,fblackmanr8@cisco.com,69
982,Raul Strauss,rstraussr9@prweb.com,9
983,Bobbi Pepperill,bpepperillra@oaic.gov.au,9
984,Carolan Christmas,cchristmasrb@4shared.com,97
985,Bram Attenbarrow,battenbarrowrc@opera.com,81
986,Zed Faldoe,zfaldoerd@phoca.cz,46
987,Dorita Bramsom,dbramsomre@goodreads.com,61
988,Calypso Goves,cgovesrf@mapy.cz,11
989,Malena Provest,mprovestrg@wired.com,100
990,Guss Ventam,gventamrh@zimbio.com,92
991,Debera Yates,dyatesri@mtv.com,40
992,Reine Takos,rtakosrj@eventbrite.com,43
993,Audie Garoghan,agaroghanrk@archive.org,31
994,Ernestine Pochet,epochetrl@com.com,18
995,Isahella Margerrison,imargerrisonrm@booking.com,21
996,Teador Stit,tstitrn@independent.co.uk,30
997,Warner Cleveland,wclevelandro@google.cn,97
998,Shanie Hodges,shodgesrp@ustream.tv,77
999,Morry Wardel,mwardelrq@narod.ru,80
1000,Reginald Checkley,rcheckleyrr@google.ru,45
